year,month,region,cases_monthly
2020,1,Appalachian,0
2020,1,Corn Belt,2
2020,1,Delta States,0
2020,1,Lake States,0
2020,1,Mountain,1
2020,1,Northeast,1
2020,1,Northern Plains,0
2020,1,Pacific,3
2020,1,Southeast,0
2020,1,Southern Plains,0
2020,2,Appalachian,0
2020,2,Corn Belt,0
2020,2,Delta States,0
2020,2,Lake States,0
2020,2,Mountain,0
2020,2,Northeast,1
2020,2,Northern Plains,0
2020,2,Pacific,16
2020,2,Southeast,0
2020,2,Southern Plains,0
2020,3,Appalachian,6008
2020,3,Corn Belt,12520
2020,3,Delta States,6706
2020,3,Lake States,9992
2020,3,Mountain,7393
2020,3,Northeast,115988
2020,3,Northern Plains,838
2020,3,Pacific,14708
2020,3,Southeast,12819
2020,3,Southern Plains,4377
2020,4,Appalachian,37527
2020,4,Corn Belt,91493
2020,4,Delta States,31400
2020,4,Lake States,45476
2020,4,Mountain,31731
2020,4,Northeast,492782
2020,4,Northern Plains,11374
2020,4,Pacific,53839
2020,4,Southeast,60427
2020,4,Southern Plains,28131
2020,5,Appalachian,64873
2020,5,Corn Belt,119439
2020,5,Delta States,24595
2020,5,Lake States,50496
2020,5,Mountain,37666
2020,5,Northeast,226506
2020,5,Northern Plains,19239
2020,5,Pacific,71479
2020,5,Southeast,60051
2020,5,Southern Plains,38654
2020,6,Appalachian,83650
2020,6,Corn Belt,68309
2020,6,Delta States,43546
2020,6,Lake States,29726
2020,6,Mountain,96652
2020,6,Northeast,81532
2020,6,Northern Plains,12516
2020,6,Pacific,143878
2020,6,Southeast,175314
2020,6,Southern Plains,106332
2020,7,Appalachian,166204
2020,7,Corn Belt,141509
2020,7,Delta States,111419
2020,7,Lake States,62287
2020,7,Mountain,183776
2020,7,Northeast,97907
2020,7,Northern Plains,24919
2020,7,Pacific,305233
2020,7,Southeast,525419
2020,7,Southern Plains,299674
2020,8,Appalachian,148796
2020,8,Corn Belt,171815
2020,8,Delta States,75930
2020,8,Lake States,66515
2020,8,Mountain,92204
2020,8,Northeast,91834
2020,8,Northern Plains,33385
2020,8,Pacific,242321
2020,8,Southeast,305414
2020,8,Southern Plains,217766
2020,9,Appalachian,132681
2020,9,Corn Belt,180831
2020,9,Delta States,56277
2020,9,Lake States,94930
2020,9,Mountain,83269
2020,9,Northeast,105466
2020,9,Northern Plains,48730
2020,9,Pacific,135173
2020,9,Southeast,187822
2020,9,Southern Plains,170322
2020,10,Appalachian,208444
2020,10,Corn Belt,340578
2020,10,Delta States,69654
2020,10,Lake States,224325
2020,10,Mountain,193343
2020,10,Northeast,216000
2020,10,Northern Plains,96564
2020,10,Pacific,157018
2020,10,Southeast,206306
2020,10,Southern Plains,200356
2020,11,Appalachian,355547
2020,11,Corn Belt,897347
2020,11,Delta States,124044
2020,11,Lake States,535688
2020,11,Mountain,475985
2020,11,Northeast,635014
2020,11,Northern Plains,200335
2020,11,Pacific,419521
2020,11,Southeast,404331
2020,11,Southern Plains,423591
2020,12,Appalachian,622803
2020,12,Corn Belt,836982
2020,12,Delta States,213181
2020,12,Lake States,344926
2020,12,Mountain,563657
2020,12,Northeast,1150178
2020,12,Northern Plains,135849
2020,12,Pacific,1211847
2020,12,Southeast,720607
2020,12,Southern Plains,574517
2021,1,Appalachian,647522
2021,1,Corn Belt,581335
2021,1,Delta States,214671
2021,1,Lake States,199724
2021,1,Mountain,496577
2021,1,Northeast,1188402
2021,1,Northern Plains,90047
2021,1,Pacific,1103709
2021,1,Southeast,875347
2021,1,Southern Plains,702096
2021,2,Appalachian,272031
2021,2,Corn Belt,232231
2021,2,Delta States,76415
2021,2,Lake States,83426
2021,2,Mountain,158565
2021,2,Northeast,556305
2021,2,Northern Plains,35576
2021,2,Pacific,289606
2021,2,Southeast,391970
2021,2,Southern Plains,311705
